id,xinit_1,xinit_2,xfinal_1,xfinal_2,iters,sub_iters,runtime
1,-5.0,-5.0,0.0,-7.948772305237617e-17,4,34,0.0009100437164306641
2,-4.5,-5.0,0.0,3.6733831911418144e-8,4,35,0.0007750988006591797
3,-4.0,-5.0,0.0,-1.959844520837524e-8,4,29,0.0005390644073486328
4,-3.5,-5.0,0.0,3.145676155881771e-16,4,32,0.0004889965057373047
5,-3.0,-5.0,0.0,-4.159801830212733e-16,4,35,0.0005571842193603516
6,-2.5,-5.0,0.0,1.5216457897544398e-16,4,35,0.0004458427429199219
7,-2.0,-5.0,0.0,6.415813916338622e-9,4,26,0.00038814544677734375
8,-1.5,-5.0,0.0,-3.837737668617824e-9,4,27,0.00038695335388183594
9,-1.0,-5.0,0.0,2.9508333289448108e-8,4,32,0.000576019287109375
10,-0.5,-5.0,0.0,-1.2122325477998447e-8,4,44,0.0007338523864746094
11,0.0,-5.0,0.0,2.4125902540564705e-16,4,37,0.0005280971527099609
12,0.5,-5.0,0.0,2.2322802032534807e-16,4,34,0.0006909370422363281
13,1.0,-5.0,0.0,8.750477678913483e-17,4,37,0.0006389617919921875
14,1.5,-5.0,0.0,-2.397033284880166e-16,4,30,0.0007038116455078125
15,2.0,-5.0,0.0,-1.2516759370543635e-16,4,27,0.0005800724029541016
16,2.5,-5.0,0.0,5.824390923961392e-16,4,33,0.00045299530029296875
17,3.0,-5.0,0.0,3.354242965576269e-8,4,39,0.0006060600280761719
18,3.5,-5.0,0.0,-3.19762341491776e-8,4,37,0.0006189346313476562
19,4.0,-5.0,0.0,-2.650403399276428e-8,4,44,0.0006170272827148438
20,4.5,-5.0,0.0,1.2987931405488725e-8,4,44,0.0006439685821533203
21,5.0,-5.0,0.0,3.927742055450356e-9,4,41,0.0007798671722412109
22,-5.0,-4.5,0.0,2.2962658236202544e-16,4,29,0.000492095947265625
23,-4.5,-4.5,0.0,-3.008813961632984e-9,4,38,0.0005469322204589844
24,-4.0,-4.5,0.0,1.9115766338032124e-8,4,32,0.0005440711975097656
25,-3.5,-4.5,0.0,-4.194226575139517e-17,4,36,0.0006349086761474609
26,-3.0,-4.5,0.0,3.4920730406074436e-8,4,38,0.0006060600280761719
27,-2.5,-4.5,0.0,4.465577129294308e-9,4,30,0.0006611347198486328
28,-2.0,-4.5,0.0,7.612263276640188e-16,4,29,0.00046515464782714844
29,-1.5,-4.5,0.0,-3.881499242282834e-9,4,24,0.0004220008850097656
30,-1.0,-4.5,0.0,1.189573855586249e-8,4,31,0.0004909038543701172
31,-0.5,-4.5,0.0,-2.328994498084054e-9,4,25,0.00035190582275390625
32,0.0,-4.5,0.0,-1.80008241370566e-16,4,34,0.0005490779876708984
33,0.5,-4.5,0.0,-3.6020121962172574e-8,4,37,0.0004858970642089844
34,1.0,-4.5,0.0,-1.431214588073333e-16,4,44,0.0005810260772705078
35,1.5,-4.5,0.0,-5.57744964384639e-17,4,29,0.00044083595275878906
36,2.0,-4.5,0.0,-2.7725881448316694e-16,4,33,0.00047707557678222656
37,2.5,-4.5,0.0,3.813973044565666e-8,4,31,0.0004420280456542969
38,3.0,-4.5,0.0,3.161586901270109e-8,4,37,0.0004961490631103516
39,3.5,-4.5,0.0,8.028471030642241e-9,4,36,0.0006091594696044922
40,4.0,-4.5,0.0,-1.9223293651341877e-8,4,49,0.0006959438323974609
41,4.5,-4.5,0.0,1.6505749204515498e-10,4,37,0.0005648136138916016
42,5.0,-4.5,0.0,8.879198893627555e-17,4,41,0.0009281635284423828
43,-5.0,-4.0,0.0,2.1993831373224846e-8,4,42,0.0005979537963867188
44,-4.5,-4.0,0.0,-4.917685356323296e-17,4,34,0.00048804283142089844
45,-4.0,-4.0,0.0,3.0016041854054624e-17,4,32,0.00049591064453125
46,-3.5,-4.0,0.0,-1.6805771276123756e-8,4,32,0.00044918060302734375
47,-3.0,-4.0,0.0,3.4276595174817856e-8,4,38,0.0007088184356689453
48,-2.5,-4.0,0.0,-2.9391024312125146e-16,4,33,0.00046896934509277344
49,-2.0,-4.0,0.0,-2.4224549156908412e-8,4,23,0.00034689903259277344
50,-1.5,-4.0,0.0,-2.9883862641159894e-16,4,32,0.0005190372467041016
51,-1.0,-4.0,0.0,-2.7250605787255738e-9,4,51,0.00074005126953125
52,-0.5,-4.0,0.0,-6.883328708164388e-9,4,71,0.0009930133819580078
53,0.0,-4.0,0.0,1.2629611060645397e-16,4,30,0.00046896934509277344
54,0.5,-4.0,0.0,-3.559939239537833e-8,4,31,0.0005631446838378906
55,1.0,-4.0,0.0,4.651725366500219e-16,4,29,0.00045490264892578125
56,1.5,-4.0,0.0,1.5065114176630397e-8,4,50,0.0009229183197021484
57,2.0,-4.0,0.0,2.148443379748776e-16,4,33,0.0007109642028808594
58,2.5,-4.0,0.0,3.25706891808096e-8,4,39,0.0005249977111816406
59,3.0,-4.0,0.0,1.1487589219416908e-8,4,41,0.0006270408630371094
60,3.5,-4.0,0.0,-1.2874783555283618e-9,4,42,0.000659942626953125
61,4.0,-4.0,0.0,7.970388847800814e-10,4,35,0.0005359649658203125
62,4.5,-4.0,0.0,-1.3063608321907446e-9,4,38,0.0007860660552978516
63,5.0,-4.0,0.0,3.0172213533834475e-9,4,39,0.0006978511810302734
64,-5.0,-3.5,0.0,1.603567505259005e-8,4,48,0.0006670951843261719
65,-4.5,-3.5,0.0,-8.451131490660658e-11,4,46,0.0006890296936035156
66,-4.0,-3.5,0.0,2.559317532267526e-16,4,32,0.0004639625549316406
67,-3.5,-3.5,0.0,2.02611851865577e-16,4,46,0.0007009506225585938
68,-3.0,-3.5,0.0,-8.519862985980772e-17,4,39,0.0005130767822265625
69,-2.5,-3.5,0.0,2.1608636599480853e-8,4,38,0.0006618499755859375
70,-2.0,-3.5,0.0,1.5359482335671252e-16,4,34,0.0004749298095703125
71,-1.5,-3.5,0.0,1.0241623596017515e-16,4,28,0.0004229545593261719
72,-1.0,-3.5,0.0,1.2491322329990972e-9,4,43,0.0007839202880859375
73,-0.5,-3.5,0.0,-2.825585521690046e-8,4,38,0.0005540847778320312
74,0.0,-3.5,0.0,-1.0407096194481218e-16,4,33,0.0004799365997314453
75,0.5,-3.5,0.0,-7.505514721279313e-17,4,37,0.0005190372467041016
76,1.0,-3.5,0.0,-9.744225463834921e-10,4,43,0.0006098747253417969
77,1.5,-3.5,0.0,1.3778938371328797e-16,4,41,0.0005741119384765625
78,2.0,-3.5,0.0,9.667169821656589e-17,4,43,0.0005919933319091797
79,2.5,-3.5,0.0,2.2962938413354334e-16,4,33,0.0005280971527099609
80,3.0,-3.5,0.0,-1.4353848063911425e-9,4,47,0.0006909370422363281
81,3.5,-3.5,0.0,9.182165373503677e-17,4,35,0.0005841255187988281
82,4.0,-3.5,0.0,4.7025161672314465e-9,4,32,0.0008809566497802734
83,4.5,-3.5,0.0,2.475909467469015e-16,4,41,0.0009150505065917969
84,5.0,-3.5,0.0,-3.2368582688943688e-9,4,43,0.0008230209350585938
85,-5.0,-3.0,0.0,1.6146445562442676e-8,4,43,0.0006859302520751953
86,-4.5,-3.0,0.0,-9.189507427121792e-9,4,43,0.0006439685821533203
87,-4.0,-3.0,0.0,4.1566686048626696e-17,4,35,0.0005779266357421875
88,-3.5,-3.0,0.0,2.364211327301877e-8,4,49,0.0008561611175537109
89,-3.0,-3.0,0.0,3.476253280096326e-16,4,38,0.0005340576171875
90,-2.5,-3.0,0.0,-4.174742170374708e-17,4,33,0.00055694580078125
91,-2.0,-3.0,0.0,1.5958340031249209e-16,4,29,0.0004291534423828125
92,-1.5,-3.0,0.0,3.583145243254743e-17,4,29,0.0005629062652587891
93,-1.0,-3.0,0.0,2.6617602320011588e-8,4,40,0.0006659030914306641
94,-0.5,-3.0,0.0,4.986858731162964e-16,4,33,0.000492095947265625
95,0.0,-3.0,0.0,7.126016716845504e-17,4,43,0.0006442070007324219
96,0.5,-3.0,0.0,8.80021518812414e-17,4,39,0.0005979537963867188
97,1.0,-3.0,0.0,-1.4387002962174352e-16,4,33,0.00047707557678222656
98,1.5,-3.0,0.0,-7.246532345672296e-9,4,29,0.00046896934509277344
99,2.0,-3.0,0.0,8.959238984896084e-17,4,34,0.0005669593811035156
100,2.5,-3.0,0.0,-1.9904493299274375e-16,4,40,0.0006020069122314453
101,3.0,-3.0,0.0,-2.0735050500847243e-8,4,45,0.0008649826049804688
102,3.5,-3.0,0.0,-3.455588645323634e-10,4,33,0.0006730556488037109
103,4.0,-3.0,0.0,-3.65454482675236e-17,4,40,0.0007312297821044922
104,4.5,-3.0,0.0,-5.702726315457362e-9,4,48,0.0009570121765136719
105,5.0,-3.0,0.0,-3.519139331347157e-10,4,45,0.0008099079132080078
106,-5.0,-2.5,0.0,5.679365717547569e-10,4,50,0.0008699893951416016
107,-4.5,-2.5,0.0,2.898523668656416e-16,4,43,0.0007679462432861328
108,-4.0,-2.5,0.0,-3.33771327036324e-16,4,33,0.0005669593811035156
109,-3.5,-2.5,0.0,-2.9882603378767014e-9,4,31,0.0004849433898925781
110,-3.0,-2.5,0.0,9.592481417431427e-10,4,37,0.0005841255187988281
111,-2.5,-2.5,0.0,9.159446324230647e-17,4,38,0.0005300045013427734
112,-2.0,-2.5,0.0,2.3822211211697713e-16,4,33,0.0005631446838378906
113,-1.5,-2.5,0.0,8.11976106452017e-17,4,33,0.0005497932434082031
114,-1.0,-2.5,0.0,3.9821901656495757e-16,4,42,0.0006690025329589844
115,-0.5,-2.5,0.0,-1.0465235783609973e-16,4,42,0.0005300045013427734
116,0.0,-2.5,0.0,5.105967988737048e-16,4,30,0.0004649162292480469
117,0.5,-2.5,0.0,1.5464008783695695e-16,4,31,0.0004279613494873047
118,1.0,-2.5,0.0,3.956584657741554e-8,4,31,0.00043511390686035156
119,1.5,-2.5,0.0,-5.869461841309106e-9,4,35,0.0005600452423095703
120,2.0,-2.5,0.0,-3.255626897207144e-8,4,34,0.0005970001220703125
121,2.5,-2.5,0.0,-2.53368755230452e-8,4,44,0.0010640621185302734
122,3.0,-2.5,0.0,-1.613504575441024e-8,4,39,0.0007269382476806641
123,3.5,-2.5,0.0,8.511257213857957e-9,4,40,0.0007929801940917969
124,4.0,-2.5,0.0,1.5921653215842753e-16,4,33,0.0006470680236816406
125,4.5,-2.5,0.0,3.7625340501235956e-9,4,39,0.0007688999176025391
126,5.0,-2.5,0.0,8.06418023573541e-17,4,38,0.0006899833679199219
127,-5.0,-2.0,0.0,2.3429158989667413e-16,4,43,0.0005738735198974609
128,-4.5,-2.0,0.0,-1.532149364669373e-9,4,30,0.0004520416259765625
129,-4.0,-2.0,0.0,-3.990568003521689e-8,4,51,0.0006330013275146484
130,-3.5,-2.0,0.0,9.3494379281197e-9,4,41,0.00067901611328125
131,-3.0,-2.0,0.0,-1.1244999955500626e-16,4,33,0.0004858970642089844
132,-2.5,-2.0,0.0,-5.036362813670239e-17,4,38,0.0005650520324707031
133,-2.0,-2.0,0.0,1.7356685093356074e-8,4,43,0.0008080005645751953
134,-1.5,-2.0,0.0,-8.95525281557123e-10,4,29,0.0008270740509033203
135,-1.0,-2.0,0.0,6.56783387041859e-9,4,30,0.0006580352783203125
136,-0.5,-2.0,0.0,-4.881386726041978e-17,4,31,0.0005099773406982422
137,0.0,-2.0,0.0,7.043120580962097e-16,4,37,0.000492095947265625
138,0.5,-2.0,0.0,2.3431656092647276e-8,4,33,0.0005240440368652344
139,1.0,-2.0,0.0,-1.0308522927513256e-9,4,32,0.0004849433898925781
140,1.5,-2.0,0.0,-3.256034311886391e-8,4,29,0.0004980564117431641
141,2.0,-2.0,0.0,6.370417774669396e-9,4,28,0.0004858970642089844
142,2.5,-2.0,0.0,-3.479661368152459e-8,4,28,0.0006661415100097656
143,3.0,-2.0,0.0,-5.500422851891724e-10,4,46,0.0008821487426757812
144,3.5,-2.0,0.0,3.2644728064240396e-11,4,40,0.0008080005645751953
145,4.0,-2.0,0.0,-3.8450336611136003e-8,4,47,0.0008108615875244141
146,4.5,-2.0,0.0,1.5906341013757877e-9,4,47,0.0008890628814697266
147,5.0,-2.0,0.0,4.010169517522148e-10,4,49,0.0009350776672363281
148,-5.0,-1.5,0.0,-1.8866121212024568e-16,4,47,0.0006289482116699219
149,-4.5,-1.5,0.0,-1.3432764727795192e-8,4,37,0.000576019287109375
150,-4.0,-1.5,0.0,2.9590719401885523e-9,4,39,0.000537872314453125
151,-3.5,-1.5,0.0,-4.080139689907623e-8,4,37,0.0005090236663818359
152,-3.0,-1.5,0.0,8.803532908888053e-10,4,57,0.0008549690246582031
153,-2.5,-1.5,0.0,1.9328603528252326e-8,4,37,0.0005919933319091797
154,-2.0,-1.5,0.0,1.0797530705264538e-16,4,40,0.0005669593811035156
155,-1.5,-1.5,0.0,3.79669749949775e-16,4,37,0.0005571842193603516
156,-1.0,-1.5,0.0,4.0820659450799066e-16,4,35,0.0005409717559814453
157,-0.5,-1.5,0.0,1.7717556995843446e-9,4,27,0.00046515464782714844
158,0.0,-1.5,0.0,-3.845886326325281e-16,4,31,0.0004889965057373047
159,0.5,-1.5,0.0,-1.6042189951071268e-16,4,27,0.00045418739318847656
160,1.0,-1.5,0.0,3.281908495954506e-8,4,31,0.0005807876586914062
161,1.5,-1.5,0.0,3.1256202995293733e-8,4,24,0.00037407875061035156
162,2.0,-1.5,0.0,8.33445926361547e-17,4,32,0.0004680156707763672
163,2.5,-1.5,0.0,-5.41978239354944e-9,4,40,0.0008819103240966797
164,3.0,-1.5,0.0,-1.2303243352337217e-16,4,33,0.0006289482116699219
165,3.5,-1.5,0.0,6.6586317802664314e-9,4,45,0.0008358955383300781
166,4.0,-1.5,0.0,1.8949553009663843e-8,4,39,0.0007221698760986328
167,4.5,-1.5,0.0,1.744319285274326e-8,4,36,0.0006568431854248047
168,5.0,-1.5,0.0,-2.6738842881694205e-9,4,53,0.000965118408203125
169,-5.0,-1.0,0.0,6.884509094737582e-17,4,47,0.0006258487701416016
170,-4.5,-1.0,0.0,-2.345732877532693e-16,4,40,0.0005710124969482422
171,-4.0,-1.0,0.0,-1.8567474598305711e-16,4,42,0.0005829334259033203
172,-3.5,-1.0,0.0,3.998881905066158e-16,4,45,0.0006248950958251953
173,-3.0,-1.0,0.0,1.2844619370401024e-17,4,36,0.0005440711975097656
174,-2.5,-1.0,0.0,-9.80832721282667e-9,4,33,0.00047397613525390625
175,-2.0,-1.0,0.0,-1.889878728427212e-8,4,34,0.0005519390106201172
176,-1.5,-1.0,0.0,-1.243289108608027e-9,4,35,0.0005848407745361328
177,-1.0,-1.0,0.0,3.8046375854992455e-8,4,26,0.000614166259765625
178,-0.5,-1.0,0.0,1.843667200651951e-16,4,26,0.0004107952117919922
179,0.0,-1.0,0.0,-1.667498600530365e-16,4,26,0.000408172607421875
180,0.5,-1.0,0.0,4.366984238687952e-18,4,26,0.0004417896270751953
181,1.0,-1.0,0.0,4.06978889184022e-9,4,22,0.00035119056701660156
182,1.5,-1.0,0.0,1.007621947851106e-8,4,31,0.0004379749298095703
183,2.0,-1.0,0.0,5.603097528631622e-16,4,34,0.0005660057067871094
184,2.5,-1.0,0.0,-5.718267798210385e-9,4,31,0.00047397613525390625
185,3.0,-1.0,0.0,-9.241380330241909e-9,4,39,0.0005159378051757812
186,3.5,-1.0,0.0,9.62234139407768e-9,4,40,0.0005359649658203125
187,4.0,-1.0,0.0,-1.2834414143090346e-9,4,36,0.0006151199340820312
188,4.5,-1.0,0.0,2.0497208168857316e-10,4,42,0.00061798095703125
189,5.0,-1.0,0.0,1.5514602887798534e-9,4,38,0.0006008148193359375
190,-5.0,-0.5,0.0,1.1715812663262046e-9,4,39,0.0006499290466308594
191,-4.5,-0.5,0.0,6.828031906084052e-10,4,39,0.0005490779876708984
192,-4.0,-0.5,0.0,-6.837073023836565e-9,4,54,0.0006840229034423828
193,-3.5,-0.5,0.0,-3.1805801186187547e-10,4,38,0.0005719661712646484
194,-3.0,-0.5,0.0,-1.4438206750545246e-11,4,339,0.0032498836517333984
195,-2.5,-0.5,0.0,-4.481990939080326e-17,4,37,0.0005459785461425781
196,-2.0,-0.5,0.0,-2.57243906081131e-17,4,34,0.0005421638488769531
197,-1.5,-0.5,0.0,2.5686902513541126e-8,4,82,0.000993967056274414
198,-1.0,-0.5,0.0,7.845113278350923e-18,4,35,0.0005028247833251953
199,-0.5,-0.5,0.0,1.6459953895802654e-8,4,24,0.0004019737243652344
200,0.0,-0.5,0.0,6.0966008031760005e-16,4,27,0.00039696693420410156
201,0.5,-0.5,0.0,2.6719132398336943e-16,4,26,0.0004379749298095703
202,1.0,-0.5,0.0,-4.21966222326665e-16,4,28,0.0004899501800537109
203,1.5,-0.5,0.0,-7.812164825715147e-17,4,32,0.00047206878662109375
204,2.0,-0.5,0.0,1.0511588811430494e-8,4,25,0.0004608631134033203
205,2.5,-0.5,0.0,3.1643216610655186e-10,4,34,0.0006170272827148438
206,3.0,-0.5,0.0,-1.920882595528696e-8,4,35,0.0004780292510986328
207,3.5,-0.5,0.0,1.0911384724616994e-8,4,35,0.0006041526794433594
208,4.0,-0.5,0.0,-4.167567687178139e-9,4,35,0.0005140304565429688
209,4.5,-0.5,0.0,-4.102853125659732e-11,4,39,0.0006170272827148438
210,5.0,-0.5,0.0,-3.513422392536723e-10,4,38,0.0006189346313476562
211,-5.0,0.0,0.0,-2.5793957975936817e-16,4,48,0.0006530284881591797
212,-4.5,0.0,0.0,5.332810898678622e-9,4,39,0.0005719661712646484
213,-4.0,0.0,0.0,2.4050356925421693e-16,4,44,0.0006020069122314453
214,-3.5,0.0,0.0,5.431183226029433e-9,4,54,0.0007309913635253906
215,-3.0,0.0,0.0,2.090816127002515e-17,4,31,0.0004990100860595703
216,-2.5,0.0,0.0,3.456733516810919e-17,4,41,0.0006539821624755859
217,-2.0,0.0,0.0,6.577653174293459e-16,4,32,0.00045800209045410156
218,-1.5,0.0,0.0,-2.0236579911789126e-16,4,33,0.00047206878662109375
219,-1.0,0.0,0.0,1.6870314097241416e-8,4,28,0.0004448890686035156
220,-0.5,0.0,0.0,-2.6954600084881566e-17,4,21,0.0003459453582763672
221,0.0,0.0,0.0,0.0,4,4,0.00016188621520996094
222,0.5,0.0,0.0,-8.707498697774207e-19,4,25,0.0005650520324707031
223,1.0,0.0,0.0,4.792082081858766e-16,4,27,0.0003809928894042969
224,1.5,0.0,0.0,-2.3966059711673664e-16,4,35,0.0005719661712646484
225,2.0,0.0,0.0,-4.0839035931736124e-16,4,30,0.0004570484161376953
226,2.5,0.0,0.0,-2.349499731121718e-16,4,26,0.00042700767517089844
227,3.0,0.0,0.0,3.404500999119241e-16,4,42,0.0006670951843261719
228,3.5,0.0,0.0,-2.645653531219472e-8,4,32,0.0005078315734863281
229,4.0,0.0,0.0,1.9646969810784034e-8,4,37,0.0006971359252929688
230,4.5,0.0,0.0,-4.410459170437605e-17,4,40,0.0006160736083984375
231,5.0,0.0,0.0,-2.963535651715873e-9,4,40,0.0005400180816650391
232,-5.0,0.5,0.0,-1.9304119749737345e-16,4,59,0.0007619857788085938
233,-4.5,0.5,0.0,-3.747320030960658e-8,4,45,0.0006270408630371094
234,-4.0,0.5,0.0,6.358202425627665e-9,4,46,0.0006208419799804688
235,-3.5,0.5,0.0,-8.994192480087243e-9,4,44,0.0007350444793701172
236,-3.0,0.5,0.0,2.493737818355043e-8,4,37,0.0005059242248535156
237,-2.5,0.5,0.0,2.845274648441367e-8,4,35,0.0005359649658203125
238,-2.0,0.5,0.0,1.8351701381890322e-8,4,40,0.0005350112915039062
239,-1.5,0.5,0.0,-1.44040144304376e-16,4,40,0.0005269050598144531
240,-1.0,0.5,0.0,-1.2234115680548204e-8,4,31,0.0005171298980712891
241,-0.5,0.5,0.0,1.203582297799461e-16,4,25,0.0004119873046875
242,0.0,0.5,0.0,1.2891059986264553e-16,4,140,0.001283884048461914
243,0.5,0.5,0.0,-8.90289133111581e-17,4,26,0.0003910064697265625
244,1.0,0.5,0.0,-2.6822784371350205e-8,4,25,0.00039505958557128906
245,1.5,0.5,0.0,-5.076929465867e-9,4,30,0.00043392181396484375
246,2.0,0.5,0.0,-1.9649998694460646e-9,4,23,0.00040793418884277344
247,2.5,0.5,0.0,2.296221626835241e-8,4,32,0.0006940364837646484
248,3.0,0.5,0.0,-2.1209382648282706e-11,4,31,0.0005939006805419922
249,3.5,0.5,0.0,-1.4964396931483908e-16,4,40,0.0005581378936767578
250,4.0,0.5,0.0,2.455198872086776e-9,4,31,0.0005538463592529297
251,4.5,0.5,0.0,1.648542267944479e-8,4,35,0.0006730556488037109
252,5.0,0.5,0.0,-6.642190387878112e-9,4,55,0.0009229183197021484
253,-5.0,1.0,0.0,-8.204085622282988e-9,4,41,0.0006470680236816406
254,-4.5,1.0,0.0,-3.4039008145688467e-16,4,46,0.0006539821624755859
255,-4.0,1.0,0.0,-5.094839953239174e-16,4,51,0.000759124755859375
256,-3.5,1.0,0.0,-3.146090511223473e-16,4,51,0.0006768703460693359
257,-3.0,1.0,0.0,9.14306156809809e-17,4,51,0.0006699562072753906
258,-2.5,1.0,0.0,-2.9040760883313702e-8,4,36,0.0005230903625488281
259,-2.0,1.0,0.0,-1.69606013645377e-16,4,39,0.0005519390106201172
260,-1.5,1.0,0.0,-6.223617608134836e-16,4,44,0.0006239414215087891
261,-1.0,1.0,0.0,-1.0980581099879229e-16,4,35,0.0006310939788818359
262,-0.5,1.0,0.0,-4.815355835361096e-17,4,23,0.00037598609924316406
263,0.0,1.0,0.0,3.1348844328111737e-16,4,21,0.00034689903259277344
264,0.5,1.0,0.0,4.259988885592764e-16,4,23,0.0003688335418701172
265,1.0,1.0,0.0,-7.778444493472772e-17,4,35,0.0004749298095703125
266,1.5,1.0,0.0,2.60899474015272e-16,4,31,0.0005328655242919922
267,2.0,1.0,0.0,-2.6350365973194176e-9,4,26,0.0004971027374267578
268,2.5,1.0,0.0,-3.285188469049039e-9,4,33,0.0006308555603027344
269,3.0,1.0,0.0,3.7044113655803485e-9,4,37,0.0005290508270263672
270,3.5,1.0,0.0,6.065147846399111e-9,4,32,0.000514984130859375
271,4.0,1.0,0.0,-6.104472861565482e-10,4,44,0.0006659030914306641
272,4.5,1.0,0.0,9.926328721010608e-17,4,43,0.0006580352783203125
273,5.0,1.0,0.0,4.018362326557986e-10,4,44,0.0007889270782470703
274,-5.0,1.5,0.0,-3.227394744955721e-10,4,632,0.005789995193481445
275,-4.5,1.5,0.0,1.0423821288994321e-8,4,42,0.000579833984375
276,-4.0,1.5,0.0,-1.4395536696823648e-17,4,48,0.0006439685821533203
277,-3.5,1.5,0.0,4.676352270150834e-16,4,47,0.0006361007690429688
278,-3.0,1.5,0.0,4.307287073388203e-16,4,44,0.0005860328674316406
279,-2.5,1.5,0.0,-4.1080481682457846e-8,4,40,0.000579833984375
280,-2.0,1.5,0.0,-1.0834831699473829e-8,4,37,0.0007939338684082031
281,-1.5,1.5,0.0,-6.114372979945699e-16,4,41,0.0005788803100585938
282,-1.0,1.5,0.0,3.138393899687094e-8,4,32,0.0005002021789550781
283,-0.5,1.5,0.0,2.8490815472452037e-16,4,30,0.0004639625549316406
284,0.0,1.5,0.0,-5.244312537459696e-17,4,27,0.00047707557678222656
285,0.5,1.5,0.0,1.973545255037177e-16,4,923,0.00766301155090332
286,1.0,1.5,0.0,2.752127854346017e-16,4,29,0.0005540847778320312
287,1.5,1.5,0.0,-5.435736209930242e-17,4,31,0.0004761219024658203
288,2.0,1.5,0.0,-3.262543419577702e-16,4,36,0.0006961822509765625
289,2.5,1.5,0.0,7.487478027616975e-17,4,37,0.0005710124969482422
290,3.0,1.5,0.0,-6.303877717866141e-9,4,38,0.0005571842193603516
291,3.5,1.5,0.0,2.1765726881379164e-8,4,38,0.0006158351898193359
292,4.0,1.5,0.0,2.1641492287750852e-10,4,39,0.0006968975067138672
293,4.5,1.5,0.0,2.1067621965951464e-16,4,49,0.0007421970367431641
294,5.0,1.5,0.0,2.805314409429287e-9,4,51,0.0008950233459472656
295,-5.0,2.0,0.0,3.0481223240884426e-8,4,49,0.0007679462432861328
296,-4.5,2.0,0.0,-1.7955879741994632e-16,4,46,0.0006270408630371094
297,-4.0,2.0,0.0,-3.4902999603423077e-8,4,52,0.0006959438323974609
298,-3.5,2.0,0.0,-3.8875835020471225e-8,4,45,0.0006909370422363281
299,-3.0,2.0,0.0,-3.778434381798738e-8,4,40,0.0005960464477539062
300,-2.5,2.0,0.0,3.2281060894571827e-17,4,51,0.0006918907165527344
301,-2.0,2.0,0.0,-1.6585798105872215e-8,4,50,0.021960020065307617
302,-1.5,2.0,0.0,1.5186056908305225e-16,4,45,0.0006589889526367188
303,-1.0,2.0,0.0,-3.6987588087362946e-10,4,24,0.00036907196044921875
304,-0.5,2.0,0.0,-2.605577066331322e-16,4,37,0.0005030632019042969
305,0.0,2.0,0.0,4.54534270060584e-16,4,23,0.0003528594970703125
306,0.5,2.0,0.0,-5.6578510566398e-16,4,31,0.0004551410675048828
307,1.0,2.0,0.0,-4.858631925446755e-17,4,25,0.00037384033203125
308,1.5,2.0,0.0,-8.87756703171511e-18,4,32,0.0004780292510986328
309,2.0,2.0,0.0,-2.1875843472703984e-17,4,29,0.0004189014434814453
310,2.5,2.0,0.0,-1.6920216029729392e-8,4,35,0.0005218982696533203
311,3.0,2.0,0.0,1.7857018105888587e-9,4,42,0.0007159709930419922
312,3.5,2.0,0.0,1.1107652813776241e-8,4,37,0.0005550384521484375
313,4.0,2.0,0.0,1.0294187963725605e-8,4,40,0.0006010532379150391
314,4.5,2.0,0.0,1.3706638086105108e-8,4,48,0.0006561279296875
315,5.0,2.0,0.0,1.6532701784501872e-9,4,41,0.0005810260772705078
316,-5.0,2.5,0.0,3.186416719987342e-13,4,630,0.005583047866821289
317,-4.5,2.5,0.0,-1.796901277480165e-16,4,46,0.0006439685821533203
318,-4.0,2.5,0.0,4.534466287100051e-16,4,45,0.0006201267242431641
319,-3.5,2.5,0.0,-1.9295035303098484e-8,4,48,0.0008537769317626953
320,-3.0,2.5,0.0,-3.1830925188015666e-16,4,45,0.0006699562072753906
321,-2.5,2.5,0.0,-1.6425558429166006e-16,4,44,0.00061798095703125
322,-2.0,2.5,0.0,1.4935837838053485e-18,4,55,0.0007550716400146484
323,-1.5,2.5,0.0,-3.350727065832421e-16,4,53,0.000782012939453125
324,-1.0,2.5,0.0,4.119999663412864e-8,4,32,0.0006260871887207031
325,-0.5,2.5,0.0,-2.798247099656821e-16,4,24,0.00038909912109375
326,0.0,2.5,0.0,7.504104564551605e-17,4,28,0.00045490264892578125
327,0.5,2.5,0.0,9.832271101455233e-17,4,32,0.0004749298095703125
328,1.0,2.5,0.0,4.7010434451732076e-17,4,30,0.0004200935363769531
329,1.5,2.5,0.0,-1.8038223482908675e-16,4,27,0.0004031658172607422
330,2.0,2.5,0.0,-3.922132023595892e-8,4,40,0.0005431175231933594
331,2.5,2.5,0.0,2.3407635937596176e-10,4,43,0.0006208419799804688
332,3.0,2.5,0.0,2.4862083938216793e-8,4,34,0.0005040168762207031
333,3.5,2.5,0.0,-2.256864045885683e-16,4,42,0.0007059574127197266
334,4.0,2.5,0.0,9.63681182044097e-12,4,46,0.0007650852203369141
335,4.5,2.5,0.0,-7.640694779970266e-10,4,42,0.0007050037384033203
336,5.0,2.5,0.0,-2.0556475205099153e-8,4,39,0.000576019287109375
337,-5.0,3.0,0.0,-3.910737659319756e-8,4,57,0.0007259845733642578
338,-4.5,3.0,0.0,2.3697988416324315e-9,4,62,0.0008769035339355469
339,-4.0,3.0,0.0,-4.577455084402163e-17,4,53,0.0007610321044921875
340,-3.5,3.0,0.0,1.1684752241944351e-16,4,57,0.0007648468017578125
341,-3.0,3.0,0.0,-7.893055861511097e-11,4,101,0.0013020038604736328
342,-2.5,3.0,0.0,-3.197334167473142e-8,4,46,0.0007100105285644531
343,-2.0,3.0,0.0,-1.8016198198968576e-8,4,3336,0.027808189392089844
344,-1.5,3.0,0.0,-6.716853772261183e-16,4,43,0.0006279945373535156
345,-1.0,3.0,0.0,-2.793864061135425e-17,4,33,0.0004928112030029297
346,-0.5,3.0,0.0,1.0642543625957285e-16,4,29,0.00045800209045410156
347,0.0,3.0,0.0,3.877134861037325e-9,4,46,0.0006170272827148438
348,0.5,3.0,0.0,-8.659904075035651e-17,4,35,0.0005080699920654297
349,1.0,3.0,0.0,-5.169431489181154e-17,4,28,0.0004391670227050781
350,1.5,3.0,0.0,-2.4399980392092797e-16,4,32,0.0004811286926269531
351,2.0,3.0,0.0,-1.1054617618689758e-16,4,43,0.0005960464477539062
352,2.5,3.0,0.0,2.716157207247518e-8,4,34,0.0004489421844482422
353,3.0,3.0,0.0,9.041462229093227e-17,4,36,0.0005548000335693359
354,3.5,3.0,0.0,2.9011441027224614e-16,4,35,0.0006530284881591797
355,4.0,3.0,0.0,1.0170949473281434e-8,4,43,0.0006940364837646484
356,4.5,3.0,0.0,2.8957998186525926e-8,4,39,0.0006890296936035156
357,5.0,3.0,0.0,-1.6421244295406973e-8,4,52,0.0011050701141357422
358,-5.0,3.5,0.0,-6.553963926889508e-17,4,54,0.0007369518280029297
359,-4.5,3.5,0.0,5.2845202632396535e-9,4,602,0.005372047424316406
360,-4.0,3.5,0.0,2.5709796558631283e-16,4,50,0.0007319450378417969
361,-3.5,3.5,0.0,-2.012464598442809e-16,4,47,0.0006260871887207031
362,-3.0,3.5,0.0,3.938544061220305e-16,4,40,0.0006008148193359375
363,-2.5,3.5,0.0,-1.2744277400262316e-16,4,53,0.0007460117340087891
364,-2.0,3.5,0.0,4.139387974016654e-8,4,49,0.0006470680236816406
365,-1.5,3.5,0.0,-1.7178319035759476e-16,4,43,0.00061798095703125
366,-1.0,3.5,0.0,-3.873790594550113e-8,4,40,0.00067901611328125
367,-0.5,3.5,0.0,-3.198969077679786e-8,4,48,0.0007450580596923828
368,0.0,3.5,0.0,-6.599724021519824e-17,4,31,0.0005021095275878906
369,0.5,3.5,0.0,3.2301204396848718e-18,4,38,0.0005230903625488281
370,1.0,3.5,0.0,-1.160825931533619e-16,4,29,0.000431060791015625
371,1.5,3.5,0.0,-1.436474210496144e-16,4,38,0.0005090236663818359
372,2.0,3.5,0.0,-2.7673942240426792e-16,4,32,0.0004551410675048828
373,2.5,3.5,0.0,5.395595274041596e-16,4,4190,0.0345919132232666
374,3.0,3.5,0.0,1.4400213067678017e-9,4,47,0.0006968975067138672
375,3.5,3.5,0.0,3.364105802499988e-9,4,38,0.0005488395690917969
376,4.0,3.5,0.0,4.268948269014593e-10,4,35,0.0005600452423095703
377,4.5,3.5,0.0,-6.972649086235733e-11,4,40,0.0007939338684082031
378,5.0,3.5,0.0,-1.2580365413781359e-9,4,38,0.0006880760192871094
379,-5.0,4.0,0.0,3.395148200176813e-8,4,51,0.0007219314575195312
380,-4.5,4.0,0.0,-1.0048600271059322e-16,4,49,0.0006718635559082031
381,-4.0,4.0,0.0,1.661701294989606e-17,4,49,0.0006530284881591797
382,-3.5,4.0,0.0,-3.64521256343091e-16,4,49,0.0006668567657470703
383,-3.0,4.0,0.0,-2.5423055130059907e-8,4,42,0.0007939338684082031
384,-2.5,4.0,0.0,1.6304163966141112e-16,4,49,0.0006771087646484375
385,-2.0,4.0,0.0,-7.959283741784589e-16,4,49,0.0006558895111083984
386,-1.5,4.0,0.0,-5.268168649064213e-10,4,39,0.000579833984375
387,-1.0,4.0,0.0,1.0420204855692356e-16,4,36,0.0005280971527099609
388,-0.5,4.0,0.0,3.8858415146379165e-8,4,38,0.0005338191986083984
389,0.0,4.0,0.0,-4.139744868530586e-8,4,31,0.0005161762237548828
390,0.5,4.0,0.0,9.618567335840933e-17,4,5310,0.04443693161010742
391,1.0,4.0,0.0,-4.0775845459190915e-8,4,32,0.0005190372467041016
392,1.5,4.0,0.0,-1.803012860371225e-17,4,39,0.0005619525909423828
393,2.0,4.0,0.0,-1.5193839320150393e-16,4,33,0.00045800209045410156
394,2.5,4.0,0.0,1.4829183216693772e-10,4,5345,0.04443001747131348
395,3.0,4.0,0.0,6.052976477137347e-16,4,36,0.0005609989166259766
396,3.5,4.0,0.0,-1.0493539474463077e-8,4,39,0.0005431175231933594
397,4.0,4.0,0.0,1.5941344381661493e-8,4,46,0.0006420612335205078
398,4.5,4.0,0.0,8.060903442807989e-17,4,40,0.0006670951843261719
399,5.0,4.0,0.0,3.1759323383332576e-8,4,41,0.000659942626953125
400,-5.0,4.5,0.0,-1.8548140629873972e-16,4,49,0.0007090568542480469
401,-4.5,4.5,0.0,-2.3778155662601623e-16,4,48,0.000659942626953125
402,-4.0,4.5,0.0,9.963693267541028e-9,4,63,0.0009100437164306641
403,-3.5,4.5,0.0,2.95039839676598e-17,4,54,0.0007269382476806641
404,-3.0,4.5,0.0,-3.634037872013694e-8,4,59,0.0008258819580078125
405,-2.5,4.5,0.0,2.1781837243701516e-9,4,53,0.0007841587066650391
406,-2.0,4.5,0.0,-7.989566795286501e-10,4,49,0.000823974609375
407,-1.5,4.5,0.0,2.566117947469092e-16,4,49,0.0006530284881591797
408,-1.0,4.5,0.0,-1.3172182368362222e-8,4,35,0.0005490779876708984
409,-0.5,4.5,0.0,-4.8981632830035477e-17,4,43,0.0006017684936523438
410,0.0,4.5,0.0,-6.390153606129737e-16,4,2974,0.02553415298461914
411,0.5,4.5,0.0,-1.7388570027931282e-8,4,39,0.0006170272827148438
412,1.0,4.5,0.0,3.9671825468684333e-8,4,32,0.0004820823669433594
413,1.5,4.5,0.0,1.8576275002751708e-10,4,32,0.0005388259887695312
414,2.0,4.5,0.0,3.811391932996929e-8,4,47,0.0006520748138427734
415,2.5,4.5,0.0,-5.5434071233057686e-18,4,33,0.00049591064453125
416,3.0,4.5,0.0,2.897179830906579e-16,4,36,0.0005068778991699219
417,3.5,4.5,0.0,2.49971484226521e-16,4,37,0.0005040168762207031
418,4.0,4.5,0.0,-1.5008491026025503e-8,4,47,0.0006508827209472656
419,4.5,4.5,0.0,8.00950716321441e-17,4,52,0.0007061958312988281
420,5.0,4.5,0.0,-2.8249357492806783e-10,4,47,0.0006978511810302734
421,-5.0,5.0,0.0,3.746392709663063e-8,4,58,0.0007891654968261719
422,-4.5,5.0,0.0,-1.1963281588782924e-17,4,62,0.0007851123809814453
423,-4.0,5.0,0.0,-3.385378931938625e-17,4,54,0.0007610321044921875
424,-3.5,5.0,0.0,7.680776253570069e-11,4,46,0.0006818771362304688
425,-3.0,5.0,0.0,9.762520585226801e-17,4,57,0.0008230209350585938
426,-2.5,5.0,0.0,9.094166537780459e-17,4,56,0.0008709430694580078
427,-2.0,5.0,0.0,8.51243817382951e-17,4,47,0.0007340908050537109
428,-1.5,5.0,0.0,-3.283945969550399e-16,4,47,0.0006570816040039062
429,-1.0,5.0,0.0,2.2770409758686294e-16,4,24,0.00039386749267578125
430,-0.5,5.0,0.0,1.0498317519636338e-10,4,31,0.0005061626434326172
431,0.0,5.0,0.0,6.158750089706416e-18,4,37,0.0006430149078369141
432,0.5,5.0,0.0,1.812781215382509e-16,4,40,0.0005979537963867188
433,1.0,5.0,0.0,6.167299828517764e-17,4,47,0.0006318092346191406
434,1.5,5.0,0.0,-9.483960406312114e-17,4,34,0.0005350112915039062
435,2.0,5.0,0.0,-3.535856337878976e-8,4,40,0.0005781650543212891
436,2.5,5.0,0.0,1.6063229647945658e-16,4,49,0.0006630420684814453
437,3.0,5.0,0.0,-3.886070999353579e-17,4,50,0.0006680488586425781
438,3.5,5.0,0.0,2.559281275279974e-16,4,44,0.0006380081176757812
439,4.0,5.0,0.0,-1.2871459198374525e-16,4,4718,0.042008161544799805
440,4.5,5.0,0.0,3.13747523013383e-9,4,54,0.0007441043853759766
441,5.0,5.0,0.0,-1.7965266513109823e-8,4,38,0.0006070137023925781
